REPORTER_DEA_NO,REPORTER_BUS_ACT,REPORTER_NAME,REPORTER_ADDL_CO_INFO,REPORTER_ADDRESS1,REPORTER_ADDRESS2,REPORTER_CITY,REPORTER_STATE,REPORTER_ZIP,REPORTER_COUNTY,BUYER_DEA_NO,BUYER_BUS_ACT,BUYER_NAME,BUYER_ADDL_CO_INFO,BUYER_ADDRESS1,BUYER_ADDRESS2,BUYER_CITY,BUYER_STATE,BUYER_ZIP,BUYER_COUNTY,TRANSACTION_CODE,DRUG_CODE,NDC_NO,DRUG_NAME,QUANTITY,UNIT,ACTION_INDICATOR,ORDER_FORM_NO,CORRECTION_NO,STRENGTH,TRANSACTION_DATE,CALC_BASE_WT_IN_GM,DOSAGE_UNIT,TRANSACTION_ID,Product_Name,Ingredient_Name,Measure,MME_Conversion_Factor,Combined_Labeler_Name,Reporter_family,dos_str,MME
PB0034861,DISTRIBUTOR,BELLCO DRUG CORP,null,5500 NEW HORIZONS BLVD,null,NORTH AMITYVILLE,NY,11701,SUFFOLK,A97118246,RETAIL PHARMACY,"TRU-VALU DRUGS, INC",null,101 N. FEDERAL HWY.,null,LAKE WORTH,FL,33460,PALM BEACH,S,9143,00591350301,OXYCODONE,1.0,null,null,06X000006,null,0000,08182006,3.5860000000000003,100.0,4912,OXYCODONE HCL 40MG TABS,OXYCODONE HYDROCHLORIDE,TAB,1.5,"Actavis Pharma, Inc.",Bellco Drug Corp,40.0,5379.0
PB0034861,DISTRIBUTOR,BELLCO DRUG CORP,null,5500 NEW HORIZONS BLVD,null,NORTH AMITYVILLE,NY,11701,SUFFOLK,A97118246,RETAIL PHARMACY,"TRU-VALU DRUGS, INC",null,101 N. FEDERAL HWY.,null,LAKE WORTH,FL,33460,PALM BEACH,S,9143,60951071270,OXYCODONE,8.0,null,null,06X000014,null,0000,11292006,7.172000000000001,800.0,9219,ENDOCET - 10MG OXYCODONE.HCL/325MG A,OXYCODONE HYDROCHLORIDE,TAB,1.5,Par Pharmaceutical,Bellco Drug Corp,10.0,10758.0
PB0034861,DISTRIBUTOR,BELLCO DRUG CORP,null,5500 NEW HORIZONS BLVD,null,NORTH AMITYVILLE,NY,11701,SUFFOLK,A97118246,RETAIL PHARMACY,"TRU-VALU DRUGS, INC",null,101 N. FEDERAL HWY.,null,LAKE WORTH,FL,33460,PALM BEACH,S,9143,00591350401,OXYCODONE,3.0,null,null,07X000022,null,0000,02062007,21.516,300.0,1819,OXYCODONE HCL 80MG TABS,OXYCODONE HYDROCHLORIDE,TAB,1.5,"Actavis Pharma, Inc.",Bellco Drug Corp,80.0,32274.0
PB0034861,DISTRIBUTOR,BELLCO DRUG CORP,null,5500 NEW HORIZONS BLVD,null,NORTH AMITYVILLE,NY,11701,SUFFOLK,A97118246,RETAIL PHARMACY,"TRU-VALU DRUGS, INC",null,101 N. FEDERAL HWY.,null,LAKE WORTH,FL,33460,PALM BEACH,S,9143,00591350401,OXYCODONE,3.0,null,I,07X000029,null,0000,03012007,21.516,300.0,281,OXYCODONE HCL 80MG TABS,OXYCODONE HYDROCHLORIDE,TAB,1.5,"Actavis Pharma, Inc.",Bellco Drug Corp,80.0,32274.0
PB0034861,DISTRIBUTOR,BELLCO DRUG CORP,null,5500 NEW HORIZONS BLVD,null,NORTH AMITYVILLE,NY,11701,SUFFOLK,A97118246,RETAIL PHARMACY,"TRU-VALU DRUGS, INC",null,101 N. FEDERAL HWY.,null,LAKE WORTH,FL,33460,PALM BEACH,S,9143,60951071270,OXYCODONE,6.0,null,null,07X000040,null,0000,04162007,5.379,600.0,5390,ENDOCET - 10MG OXYCODONE.HCL/325MG A,OXYCODONE HYDROCHLORIDE,TAB,1.5,Par Pharmaceutical,Bellco Drug Corp,10.0,8068.5
PB0034861,DISTRIBUTOR,BELLCO DRUG CORP,null,5500 NEW HORIZONS BLVD,null,NORTH AMITYVILLE,NY,11701,SUFFOLK,A97118246,RETAIL PHARMACY,"TRU-VALU DRUGS, INC",null,101 N. FEDERAL HWY.,null,LAKE WORTH,FL,33460,PALM BEACH,S,9143,52152021502,OXYCODONE,12.0,null,null,07X000044,null,0000,04272007,32.274,1200.0,9601,OXYCODONE HYDROCHLORIDE USP 30MG TAB,OXYCODONE HYDROCHLORIDE,TAB,1.5,"Actavis Pharma, Inc.",Bellco Drug Corp,30.0,48411.0
PB0034861,DISTRIBUTOR,BELLCO DRUG CORP,null,5500 NEW HORIZONS BLVD,null,NORTH AMITYVILLE,NY,11701,SUFFOLK,AB9486879,RETAIL PHARMACY,BROOKSVILLE DRUGS,null,80 PONCE DE LEON BLVD,null,BROOKSVILLE,FL,34601,HERNANDO,S,9193,00603388628,HYDROCODONE,1.0,null,null,null,null,0000,11032006,3.0269999999999997,500.0,1109,HYDROCODONE BITARTRATE AND ACETA 10M,HYDROCODONE BITARTRATE HEMIPENTAHYDRATE,TAB,1.0,Par Pharmaceutical,Bellco Drug Corp,10.0,3027.0
PB0034861,DISTRIBUTOR,BELLCO DRUG CORP,null,5500 NEW HORIZONS BLVD,null,NORTH AMITYVILLE,NY,11701,SUFFOLK,AB9486879,RETAIL PHARMACY,BROOKSVILLE DRUGS,null,80 PONCE DE LEON BLVD,null,BROOKSVILLE,FL,34601,HERNANDO,S,9193,00603388628,HYDROCODONE,1.0,null,null,null,null,0000,12042006,3.0269999999999997,500.0,1015,HYDROCODONE BITARTRATE AND ACETA 10M,HYDROCODONE BITARTRATE HEMIPENTAHYDRATE,TAB,1.0,Par Pharmaceutical,Bellco Drug Corp,10.0,3027.0
PB0034861,DISTRIBUTOR,BELLCO DRUG CORP,null,5500 NEW HORIZONS BLVD,null,NORTH AMITYVILLE,NY,11701,SUFFOLK,AG8992530,RETAIL PHARMACY,GARON PHARMACY,null,8000 4TH STREET NO,SUITE 107G,ST PETERSBURG,FL,33702,PINELLAS,S,9143,00591350101,OXYCODONE,2.0,null,null,07X000015,null,0000,04042007,1.7930000000000001,200.0,1154,OXYCODONE HCL 10MG TABS,OXYCODONE HYDROCHLORIDE,TAB,1.5,"Actavis Pharma, Inc.",Bellco Drug Corp,10.0,2689.5
PB0034861,DISTRIBUTOR,BELLCO DRUG CORP,null,5500 NEW HORIZONS BLVD,null,NORTH AMITYVILLE,NY,11701,SUFFOLK,AG8992530,RETAIL PHARMACY,GARON PHARMACY,null,8000 4TH STREET NO,SUITE 107G,ST PETERSBURG,FL,33702,PINELLAS,S,9143,00591350301,OXYCODONE,1.0,null,null,07X000020,null,0000,04122007,3.5860000000000003,100.0,4118,OXYCODONE HCL 40MG TABS,OXYCODONE HYDROCHLORIDE,TAB,1.5,"Actavis Pharma, Inc.",Bellco Drug Corp,40.0,5379.0
PB0034861,DISTRIBUTOR,BELLCO DRUG CORP,null,5500 NEW HORIZONS BLVD,null,NORTH AMITYVILLE,NY,11701,SUFFOLK,AG8992530,RETAIL PHARMACY,GARON PHARMACY,null,8000 4TH STREET NO,SUITE 107G,ST PETERSBURG,FL,33702,PINELLAS,S,9143,52152021402,OXYCODONE,4.0,null,null,07X000020,null,0000,04122007,5.379,400.0,4250,OXYCODONE HYDROCHLORIDE TABLETS USP,OXYCODONE HYDROCHLORIDE,TAB,1.5,"Actavis Pharma, Inc.",Bellco Drug Corp,15.0,8068.5
PB0034861,DISTRIBUTOR,BELLCO DRUG CORP,null,5500 NEW HORIZONS BLVD,null,NORTH AMITYVILLE,NY,11701,SUFFOLK,AL0185822,RETAIL PHARMACY,LEE-ANN DRUG INC,null,DBA-LEE ANN DRUG INC,955 WASHINGTON AVENUE,MIAMI BEACH,FL,33139,MIAMI-DADE,S,9193,00603388621,HYDROCODONE,2.0,null,I,null,null,0000,03032006,1.2108,200.0,1106,HYDROCODONE BITARTRATE AND ACETA 10M,HYDROCODONE BITARTRATE HEMIPENTAHYDRATE,TAB,1.0,Par Pharmaceutical,Bellco Drug Corp,10.0,1210.8000000000004
PB0034861,DISTRIBUTOR,BELLCO DRUG CORP,null,5500 NEW HORIZONS BLVD,null,NORTH AMITYVILLE,NY,11701,SUFFOLK,AL0185822,RETAIL PHARMACY,LEE-ANN DRUG INC,null,DBA-LEE ANN DRUG INC,955 WASHINGTON AVENUE,MIAMI BEACH,FL,33139,MIAMI-DADE,S,9193,00591038705,HYDROCODONE,1.0,null,null,null,null,0000,04252007,2.27025,500.0,8443,HYDROCODONE BITARTRATE 7.5MG/ACETAMI,HYDROCODONE BITARTRATE HEMIPENTAHYDRATE,TAB,1.0,"Actavis Pharma, Inc.",Bellco Drug Corp,7.5,2270.25
PB0034861,DISTRIBUTOR,BELLCO DRUG CORP,null,5500 NEW HORIZONS BLVD,null,NORTH AMITYVILLE,NY,11701,SUFFOLK,AM5960124,RETAIL PHARMACY,MEDICAL PLAZA PHARMACY,null,MEDICAL PLAZA PHARMACY INC,201 NW 82 AVE,PLANTATION,FL,33324,BROWARD,S,9193,00603388732,HYDROCODONE,1.0,null,null,null,null,0000,06302006,6.053999999999999,1000.0,8382,HYDROCODONE BIT./ACETA 10MG/325MG TA,HYDROCODONE BITARTRATE HEMIPENTAHYDRATE,TAB,1.0,Par Pharmaceutical,Bellco Drug Corp,10.0,6054.0
PB0034861,DISTRIBUTOR,BELLCO DRUG CORP,null,5500 NEW HORIZONS BLVD,null,NORTH AMITYVILLE,NY,11701,SUFFOLK,AM5960124,RETAIL PHARMACY,MEDICAL PLAZA PHARMACY,null,MEDICAL PLAZA PHARMACY INC,201 NW 82 AVE,PLANTATION,FL,33324,BROWARD,S,9143,00591350401,OXYCODONE,6.0,null,null,070070295,null,0000,01252007,43.032,600.0,8680,OXYCODONE HCL 80MG TABS,OXYCODONE HYDROCHLORIDE,TAB,1.5,"Actavis Pharma, Inc.",Bellco Drug Corp,80.0,64548.0
PB0034861,DISTRIBUTOR,BELLCO DRUG CORP,null,5500 NEW HORIZONS BLVD,null,NORTH AMITYVILLE,NY,11701,SUFFOLK,AP2020371,RETAIL PHARMACY,"PEARL STREET PHARMACY, INC",null,DBA-BROWNS 8TH STREET PHCY,312 WEST 8TH STREET,JACKSONVILLE,FL,32206,DUVAL,S,9193,00591085305,HYDROCODONE,1.0,null,I,null,null,0000,03212007,3.0269999999999997,500.0,7502,HYDROCODONE BIT. 10MG/ACETAMINOPHEN,HYDROCODONE BITARTRATE HEMIPENTAHYDRATE,TAB,1.0,"Actavis Pharma, Inc.",Bellco Drug Corp,10.0,3027.0
PB0034861,DISTRIBUTOR,BELLCO DRUG CORP,null,5500 NEW HORIZONS BLVD,null,NORTH AMITYVILLE,NY,11701,SUFFOLK,AP2020371,RETAIL PHARMACY,"PEARL STREET PHARMACY, INC",null,DBA-BROWNS 8TH STREET PHCY,312 WEST 8TH STREET,JACKSONVILLE,FL,32206,DUVAL,S,9193,00591038505,HYDROCODONE,2.0,null,null,null,null,0000,04062007,4.5405,1000.0,2032,HYDROCODONE BIT.7.5MG/ACETAMINOPHEN,HYDROCODONE BITARTRATE HEMIPENTAHYDRATE,TAB,1.0,"Actavis Pharma, Inc.",Bellco Drug Corp,7.5,4540.5
PB0034861,DISTRIBUTOR,BELLCO DRUG CORP,null,5500 NEW HORIZONS BLVD,null,NORTH AMITYVILLE,NY,11701,SUFFOLK,AP8270770,RETAIL PHARMACY,HARRINGTON'S PROF ARTS PHAR,null,848 1ST AVE N,null,NAPLES,FL,34102,COLLIER,S,9193,00591054005,HYDROCODONE,1.0,null,null,null,null,0000,05242006,3.0269999999999997,500.0,6763,HYDROCODONE BIT. 10MG/ACETAMINOPHEN,HYDROCODONE BITARTRATE HEMIPENTAHYDRATE,TAB,1.0,"Actavis Pharma, Inc.",Bellco Drug Corp,10.0,3027.0
PB0034861,DISTRIBUTOR,BELLCO DRUG CORP,null,5500 NEW HORIZONS BLVD,null,NORTH AMITYVILLE,NY,11701,SUFFOLK,AP8270770,RETAIL PHARMACY,HARRINGTON'S PROF ARTS PHAR,null,848 1ST AVE N,null,NAPLES,FL,34102,COLLIER,S,9143,00406851501,OXYCODONE,10.0,null,null,060721842,null,0000,05252006,13.4475,1000.0,7081,OXYCODONE HYDROCHLORIDE 15MG TABLETS,OXYCODONE HYDROCHLORIDE,TAB,1.5,SpecGx LLC,Bellco Drug Corp,15.0,20171.25
PB0034861,DISTRIBUTOR,BELLCO DRUG CORP,null,5500 NEW HORIZONS BLVD,null,NORTH AMITYVILLE,NY,11701,SUFFOLK,AP8270770,RETAIL PHARMACY,HARRINGTON'S PROF ARTS PHAR,null,848 1ST AVE N,null,NAPLES,FL,34102,COLLIER,S,9193,00603388328,HYDROCODONE,1.0,null,null,null,null,0000,05252006,2.27025,500.0,7201,HYDROCOD.BIT 7.5 TAB,HYDROCODONE BITARTRATE HEMIPENTAHYDRATE,TAB,1.0,Par Pharmaceutical,Bellco Drug Corp,7.5,2270.25
PB0034861,DISTRIBUTOR,BELLCO DRUG CORP,null,5500 NEW HORIZONS BLVD,null,NORTH AMITYVILLE,NY,11701,SUFFOLK,AP8270770,RETAIL PHARMACY,HARRINGTON'S PROF ARTS PHAR,null,848 1ST AVE N,null,NAPLES,FL,34102,COLLIER,S,9143,60951071270,OXYCODONE,5.0,null,null,060721843,null,0000,05252006,4.4825,500.0,7336,ENDOCET - 10MG OXYCODONE.HCL/325MG A,OXYCODONE HYDROCHLORIDE,TAB,1.5,Par Pharmaceutical,Bellco Drug Corp,10.0,6723.75
PB0034861,DISTRIBUTOR,BELLCO DRUG CORP,null,5500 NEW HORIZONS BLVD,null,NORTH AMITYVILLE,NY,11701,SUFFOLK,AS2016219,RETAIL PHARMACY,S A S B INC DBA,null,OKEECHOBEE DISCOUNT DRUGS,203 S.W. PARK STREET,OKEECHOBEE,FL,34972,OKEECHOBEE,S,9143,60951079670,OXYCODONE,1.0,null,null,07X000021,null,0000,01292007,0.672375,100.0,9777,ENDOCET TABS;7.5MG OXYCODONE.HCL & 5,OXYCODONE HYDROCHLORIDE,TAB,1.5,Par Pharmaceutical,Bellco Drug Corp,7.5,1008.5625
PB0034861,DISTRIBUTOR,BELLCO DRUG CORP,null,5500 NEW HORIZONS BLVD,null,NORTH AMITYVILLE,NY,11701,SUFFOLK,AW2169488,RETAIL PHARMACY,WINSHIP'S PRESCRIPTION CENTER,null,PARAIZO BARRY A RPH PROP,721 NORTHLAKE BLVD,NORTH PALM BEACH,FL,33408,PALM BEACH,S,9193,00406036201,HYDROCODONE,1.0,null,null,null,null,0000,04262007,0.6054,100.0,8836,"HYDROCOD.BIT.& APAP,10MG/660MG/TAB",HYDROCODONE BITARTRATE HEMIPENTAHYDRATE,TAB,1.0,SpecGx LLC,Bellco Drug Corp,10.0,605.4000000000002
PB0034861,DISTRIBUTOR,BELLCO DRUG CORP,null,5500 NEW HORIZONS BLVD,null,NORTH AMITYVILLE,NY,11701,SUFFOLK,BA5362847,RETAIL PHARMACY,ARTHUR'S ORIGINAL PHARMACY,null,5816 N UNIVERSITY DRIVE,null,TAMARAC,FL,33321,BROWARD,S,9143,00591350401,OXYCODONE,6.0,null,null,065322717,null,0000,02132007,43.032,600.0,4109,OXYCODONE HCL 80MG TABS,OXYCODONE HYDROCHLORIDE,TAB,1.5,"Actavis Pharma, Inc.",Bellco Drug Corp,80.0,64548.0
PB0034861,DISTRIBUTOR,BELLCO DRUG CORP,null,5500 NEW HORIZONS BLVD,null,NORTH AMITYVILLE,NY,11701,SUFFOLK,BA5362847,RETAIL PHARMACY,ARTHUR'S ORIGINAL PHARMACY,null,5816 N UNIVERSITY DRIVE,null,TAMARAC,FL,33321,BROWARD,S,9143,00591350201,OXYCODONE,3.0,null,I,065322719,null,0000,03022007,5.379,300.0,771,OXYCODONE HYDROCHLORIDE CR 20MG TABL,OXYCODONE HYDROCHLORIDE,TAB,1.5,"Actavis Pharma, Inc.",Bellco Drug Corp,20.0,8068.5
PB0034861,DISTRIBUTOR,BELLCO DRUG CORP,null,5500 NEW HORIZONS BLVD,null,NORTH AMITYVILLE,NY,11701,SUFFOLK,BA7001821,RETAIL PHARMACY,ACOLOGY PRESCRIPTION COMPOUNDING,null,131 DEL PRADO BLVD SOUTH,SUITE 101 &102,CAPE CORAL,FL,33990,LEE,S,9143,60951070370,OXYCODONE,2.0,null,I,057458636,null,0000,03242006,3.5860000000000003,200.0,7151,OXYCOD.HCL ER TABS;20MG/TAB,OXYCODONE HYDROCHLORIDE,TAB,1.5,Par Pharmaceutical,Bellco Drug Corp,20.0,5379.0
PB0034861,DISTRIBUTOR,BELLCO DRUG CORP,null,5500 NEW HORIZONS BLVD,null,NORTH AMITYVILLE,NY,11701,SUFFOLK,BA7001821,RETAIL PHARMACY,ACOLOGY PRESCRIPTION COMPOUNDING,null,131 DEL PRADO BLVD SOUTH,SUITE 101 &102,CAPE CORAL,FL,33990,LEE,S,9193,00603388721,HYDROCODONE,1.0,null,null,null,null,0000,06142006,0.6054,100.0,3947,"HYDROCODONE.BIT./ACET.,10MG & 325MG/",HYDROCODONE BITARTRATE HEMIPENTAHYDRATE,TAB,1.0,Par Pharmaceutical,Bellco Drug Corp,10.0,605.4000000000002
PB0034861,DISTRIBUTOR,BELLCO DRUG CORP,null,5500 NEW HORIZONS BLVD,null,NORTH AMITYVILLE,NY,11701,SUFFOLK,BA7001821,RETAIL PHARMACY,ACOLOGY PRESCRIPTION COMPOUNDING,null,131 DEL PRADO BLVD SOUTH,SUITE 101 &102,CAPE CORAL,FL,33990,LEE,S,9193,00603388721,HYDROCODONE,1.0,null,I,null,null,0000,07282006,0.6054,100.0,7291,"HYDROCODONE.BIT./ACET.,10MG & 325MG/",HYDROCODONE BITARTRATE HEMIPENTAHYDRATE,TAB,1.0,Par Pharmaceutical,Bellco Drug Corp,10.0,605.4000000000002
PB0034861,DISTRIBUTOR,BELLCO DRUG CORP,null,5500 NEW HORIZONS BLVD,null,NORTH AMITYVILLE,NY,11701,SUFFOLK,BA7001821,RETAIL PHARMACY,ACOLOGY PRESCRIPTION COMPOUNDING,null,131 DEL PRADO BLVD SOUTH,SUITE 101 &102,CAPE CORAL,FL,33990,LEE,S,9143,00591350401,OXYCODONE,3.0,null,null,063083588,null,0000,08152006,21.516,300.0,3792,OXYCODONE HCL 80MG TABS,OXYCODONE HYDROCHLORIDE,TAB,1.5,"Actavis Pharma, Inc.",Bellco Drug Corp,80.0,32274.0
PB0034861,DISTRIBUTOR,BELLCO DRUG CORP,null,5500 NEW HORIZONS BLVD,null,NORTH AMITYVILLE,NY,11701,SUFFOLK,BA7001821,RETAIL PHARMACY,ACOLOGY PRESCRIPTION COMPOUNDING,null,131 DEL PRADO BLVD SOUTH,SUITE 101 &102,CAPE CORAL,FL,33990,LEE,S,9143,00591350401,OXYCODONE,3.0,null,null,06X000008,null,0000,08302006,21.516,300.0,7920,OXYCODONE HCL 80MG TABS,OXYCODONE HYDROCHLORIDE,TAB,1.5,"Actavis Pharma, Inc.",Bellco Drug Corp,80.0,32274.0
PB0034861,DISTRIBUTOR,BELLCO DRUG CORP,null,5500 NEW HORIZONS BLVD,null,NORTH AMITYVILLE,NY,11701,SUFFOLK,BA7001821,RETAIL PHARMACY,ACOLOGY PRESCRIPTION COMPOUNDING,null,131 DEL PRADO BLVD SOUTH,SUITE 101 &102,CAPE CORAL,FL,33990,LEE,S,9143,00591350301,OXYCODONE,1.0,null,null,06X000011,null,0000,09062006,3.5860000000000003,100.0,1285,OXYCODONE HCL 40MG TABS,OXYCODONE HYDROCHLORIDE,TAB,1.5,"Actavis Pharma, Inc.",Bellco Drug Corp,40.0,5379.0
PB0034861,DISTRIBUTOR,BELLCO DRUG CORP,null,5500 NEW HORIZONS BLVD,null,NORTH AMITYVILLE,NY,11701,SUFFOLK,BA7001821,RETAIL PHARMACY,ACOLOGY PRESCRIPTION COMPOUNDING,null,131 DEL PRADO BLVD SOUTH,SUITE 101 &102,CAPE CORAL,FL,33990,LEE,S,9143,00591350301,OXYCODONE,3.0,null,null,06X000023,null,0000,09262006,10.758,300.0,7584,OXYCODONE HCL 40MG TABS,OXYCODONE HYDROCHLORIDE,TAB,1.5,"Actavis Pharma, Inc.",Bellco Drug Corp,40.0,16137.0
PB0034861,DISTRIBUTOR,BELLCO DRUG CORP,null,5500 NEW HORIZONS BLVD,null,NORTH AMITYVILLE,NY,11701,SUFFOLK,BA7001821,RETAIL PHARMACY,ACOLOGY PRESCRIPTION COMPOUNDING,null,131 DEL PRADO BLVD SOUTH,SUITE 101 &102,CAPE CORAL,FL,33990,LEE,S,9143,60951079770,OXYCODONE,2.0,null,null,06X000031,null,0000,10062006,1.7930000000000001,200.0,2292,ENDOCET TABS - 10MG OXYCODONE.HCL &,OXYCODONE HYDROCHLORIDE,TAB,1.5,Par Pharmaceutical,Bellco Drug Corp,10.0,2689.5
PB0034861,DISTRIBUTOR,BELLCO DRUG CORP,null,5500 NEW HORIZONS BLVD,null,NORTH AMITYVILLE,NY,11701,SUFFOLK,BA7001821,RETAIL PHARMACY,ACOLOGY PRESCRIPTION COMPOUNDING,null,131 DEL PRADO BLVD SOUTH,SUITE 101 &102,CAPE CORAL,FL,33990,LEE,S,9143,52152016502,OXYCODONE,3.0,null,null,06X000042,null,0000,10302006,1.4387219999999998,300.0,9340,OXYCODO.HCL 5.35MG/TAB,OXYCODONE HYDROCHLORIDE,TAB,1.5,"Actavis Pharma, Inc.",Bellco Drug Corp,5.35,2158.083
PB0034861,DISTRIBUTOR,BELLCO DRUG CORP,null,5500 NEW HORIZONS BLVD,null,NORTH AMITYVILLE,NY,11701,SUFFOLK,BA7001821,RETAIL PHARMACY,ACOLOGY PRESCRIPTION COMPOUNDING,null,131 DEL PRADO BLVD SOUTH,SUITE 101 &102,CAPE CORAL,FL,33990,LEE,S,9193,00093516101,HYDROCODONE,1.0,null,null,null,null,0000,10312006,0.45405,100.0,9492,HYDROCODONE BIT./IBUPROFEN;7.5MG & 2,HYDROCODONE BITARTRATE HEMIPENTAHYDRATE,TAB,1.0,"Teva Pharmaceuticals USA, Inc.",Bellco Drug Corp,7.5,454.05
PB0034861,DISTRIBUTOR,BELLCO DRUG CORP,null,5500 NEW HORIZONS BLVD,null,NORTH AMITYVILLE,NY,11701,SUFFOLK,BA7001821,RETAIL PHARMACY,ACOLOGY PRESCRIPTION COMPOUNDING,null,131 DEL PRADO BLVD SOUTH,SUITE 101 &102,CAPE CORAL,FL,33990,LEE,S,9143,00406051205,OXYCODONE,1.0,null,null,06X000055,null,0000,11212006,2.24125,500.0,6732,OXYCODONE HCL/ACETAMINOPHEN 5MG/325M,OXYCODONE HYDROCHLORIDE,TAB,1.5,SpecGx LLC,Bellco Drug Corp,5.0,3361.875
PB0034861,DISTRIBUTOR,BELLCO DRUG CORP,null,5500 NEW HORIZONS BLVD,null,NORTH AMITYVILLE,NY,11701,SUFFOLK,BA7001821,RETAIL PHARMACY,ACOLOGY PRESCRIPTION COMPOUNDING,null,131 DEL PRADO BLVD SOUTH,SUITE 101 &102,CAPE CORAL,FL,33990,LEE,S,9143,60951079770,OXYCODONE,3.0,null,null,06X000062,null,0000,12072006,2.6895,300.0,2384,ENDOCET TABS - 10MG OXYCODONE.HCL &,OXYCODONE HYDROCHLORIDE,TAB,1.5,Par Pharmaceutical,Bellco Drug Corp,10.0,4034.25
PB0034861,DISTRIBUTOR,BELLCO DRUG CORP,null,5500 NEW HORIZONS BLVD,null,NORTH AMITYVILLE,NY,11701,SUFFOLK,BA7001821,RETAIL PHARMACY,ACOLOGY PRESCRIPTION COMPOUNDING,null,131 DEL PRADO BLVD SOUTH,SUITE 101 &102,CAPE CORAL,FL,33990,LEE,S,9143,00406853001,OXYCODONE,6.0,null,null,06X000069,null,0000,12152006,16.137,600.0,4927,OXYCODONE HYDROCHLORIDE 30MG TABLET,OXYCODONE HYDROCHLORIDE,TAB,1.5,SpecGx LLC,Bellco Drug Corp,30.0,24205.5
PB0034861,DISTRIBUTOR,BELLCO DRUG CORP,null,5500 NEW HORIZONS BLVD,null,NORTH AMITYVILLE,NY,11701,SUFFOLK,BA7001821,RETAIL PHARMACY,ACOLOGY PRESCRIPTION COMPOUNDING,null,131 DEL PRADO BLVD SOUTH,SUITE 101 &102,CAPE CORAL,FL,33990,LEE,S,9143,00406051205,OXYCODONE,1.0,null,null,06X000060,null,0000,12022006,2.24125,500.0,529,OXYCODONE HCL/ACETAMINOPHEN 5MG/325M,OXYCODONE HYDROCHLORIDE,TAB,1.5,SpecGx LLC,Bellco Drug Corp,5.0,3361.875
PB0034861,DISTRIBUTOR,BELLCO DRUG CORP,null,5500 NEW HORIZONS BLVD,null,NORTH AMITYVILLE,NY,11701,SUFFOLK,BA7001821,RETAIL PHARMACY,ACOLOGY PRESCRIPTION COMPOUNDING,null,131 DEL PRADO BLVD SOUTH,SUITE 101 &102,CAPE CORAL,FL,33990,LEE,S,9143,00591350401,OXYCODONE,4.0,null,null,07X000078,null,0000,01022007,28.688000000000002,400.0,257,OXYCODONE HCL 80MG TABS,OXYCODONE HYDROCHLORIDE,TAB,1.5,"Actavis Pharma, Inc.",Bellco Drug Corp,80.0,43032.0
PB0034861,DISTRIBUTOR,BELLCO DRUG CORP,null,5500 NEW HORIZONS BLVD,null,NORTH AMITYVILLE,NY,11701,SUFFOLK,BA7001821,RETAIL PHARMACY,ACOLOGY PRESCRIPTION COMPOUNDING,null,131 DEL PRADO BLVD SOUTH,SUITE 101 &102,CAPE CORAL,FL,33990,LEE,S,9193,00603388128,HYDROCODONE,1.0,null,null,null,null,0000,01112007,1.5135,500.0,3796,HYDROCODONE.BIT. & ACETA  5MG & 500M,HYDROCODONE BITARTRATE HEMIPENTAHYDRATE,TAB,1.0,Par Pharmaceutical,Bellco Drug Corp,5.0,1513.5
PB0034861,DISTRIBUTOR,BELLCO DRUG CORP,null,5500 NEW HORIZONS BLVD,null,NORTH AMITYVILLE,NY,11701,SUFFOLK,BA7001821,RETAIL PHARMACY,ACOLOGY PRESCRIPTION COMPOUNDING,null,131 DEL PRADO BLVD SOUTH,SUITE 101 &102,CAPE CORAL,FL,33990,LEE,S,9143,00591350301,OXYCODONE,3.0,null,null,07X000089,null,0000,01172007,10.758,300.0,5718,OXYCODONE HCL 40MG TABS,OXYCODONE HYDROCHLORIDE,TAB,1.5,"Actavis Pharma, Inc.",Bellco Drug Corp,40.0,16137.0
PB0034861,DISTRIBUTOR,BELLCO DRUG CORP,null,5500 NEW HORIZONS BLVD,null,NORTH AMITYVILLE,NY,11701,SUFFOLK,BA7001821,RETAIL PHARMACY,ACOLOGY PRESCRIPTION COMPOUNDING,null,131 DEL PRADO BLVD SOUTH,SUITE 101 &102,CAPE CORAL,FL,33990,LEE,S,9143,00406851501,OXYCODONE,3.0,null,null,07X000094,null,0000,01252007,4.03425,300.0,8597,OXYCODONE HYDROCHLORIDE 15MG TABLETS,OXYCODONE HYDROCHLORIDE,TAB,1.5,SpecGx LLC,Bellco Drug Corp,15.0,6051.375
PB0034861,DISTRIBUTOR,BELLCO DRUG CORP,null,5500 NEW HORIZONS BLVD,null,NORTH AMITYVILLE,NY,11701,SUFFOLK,BA7001821,RETAIL PHARMACY,ACOLOGY PRESCRIPTION COMPOUNDING,null,131 DEL PRADO BLVD SOUTH,SUITE 101 &102,CAPE CORAL,FL,33990,LEE,S,9143,00591350301,OXYCODONE,2.0,null,null,07X000104,null,0000,02082007,7.172000000000001,200.0,2676,OXYCODONE HCL 40MG TABS,OXYCODONE HYDROCHLORIDE,TAB,1.5,"Actavis Pharma, Inc.",Bellco Drug Corp,40.0,10758.0
PB0034861,DISTRIBUTOR,BELLCO DRUG CORP,null,5500 NEW HORIZONS BLVD,null,NORTH AMITYVILLE,NY,11701,SUFFOLK,BA7001821,RETAIL PHARMACY,ACOLOGY PRESCRIPTION COMPOUNDING,null,131 DEL PRADO BLVD SOUTH,SUITE 101 &102,CAPE CORAL,FL,33990,LEE,S,9143,60951071270,OXYCODONE,4.0,null,null,07X000099,null,0000,02012007,3.5860000000000003,400.0,330,ENDOCET - 10MG OXYCODONE.HCL/325MG A,OXYCODONE HYDROCHLORIDE,TAB,1.5,Par Pharmaceutical,Bellco Drug Corp,10.0,5379.0
PB0034861,DISTRIBUTOR,BELLCO DRUG CORP,null,5500 NEW HORIZONS BLVD,null,NORTH AMITYVILLE,NY,11701,SUFFOLK,BA7001821,RETAIL PHARMACY,ACOLOGY PRESCRIPTION COMPOUNDING,null,131 DEL PRADO BLVD SOUTH,SUITE 101 &102,CAPE CORAL,FL,33990,LEE,S,9143,00591350401,OXYCODONE,6.0,null,null,07X000109,null,0000,02162007,43.032,600.0,5353,OXYCODONE HCL 80MG TABS,OXYCODONE HYDROCHLORIDE,TAB,1.5,"Actavis Pharma, Inc.",Bellco Drug Corp,80.0,64548.0
PB0034861,DISTRIBUTOR,BELLCO DRUG CORP,null,5500 NEW HORIZONS BLVD,null,NORTH AMITYVILLE,NY,11701,SUFFOLK,BA7001821,RETAIL PHARMACY,ACOLOGY PRESCRIPTION COMPOUNDING,null,131 DEL PRADO BLVD SOUTH,SUITE 101 &102,CAPE CORAL,FL,33990,LEE,S,9193,00603388321,HYDROCODONE,1.0,null,I,null,null,0000,03062007,0.45405,100.0,2007,HYDROCOD.BIT 7.5 TAB,HYDROCODONE BITARTRATE HEMIPENTAHYDRATE,TAB,1.0,Par Pharmaceutical,Bellco Drug Corp,7.5,454.05
PB0034861,DISTRIBUTOR,BELLCO DRUG CORP,null,5500 NEW HORIZONS BLVD,null,NORTH AMITYVILLE,NY,11701,SUFFOLK,BA7001821,RETAIL PHARMACY,ACOLOGY PRESCRIPTION COMPOUNDING,null,131 DEL PRADO BLVD SOUTH,SUITE 101 &102,CAPE CORAL,FL,33990,LEE,S,9143,60951079770,OXYCODONE,3.0,null,I,07X000121,null,0000,03072007,2.6895,300.0,2727,ENDOCET TABS - 10MG OXYCODONE.HCL &,OXYCODONE HYDROCHLORIDE,TAB,1.5,Par Pharmaceutical,Bellco Drug Corp,10.0,4034.25
PB0034861,DISTRIBUTOR,BELLCO DRUG CORP,null,5500 NEW HORIZONS BLVD,null,NORTH AMITYVILLE,NY,11701,SUFFOLK,BA7001821,RETAIL PHARMACY,ACOLOGY PRESCRIPTION COMPOUNDING,null,131 DEL PRADO BLVD SOUTH,SUITE 101 &102,CAPE CORAL,FL,33990,LEE,S,9143,00406851501,OXYCODONE,2.0,null,I,07X000130,null,0000,03202007,2.6895,200.0,6910,OXYCODONE HYDROCHLORIDE 15MG TABLETS,OXYCODONE HYDROCHLORIDE,TAB,1.5,SpecGx LLC,Bellco Drug Corp,15.0,4034.25
PB0034861,DISTRIBUTOR,BELLCO DRUG CORP,null,5500 NEW HORIZONS BLVD,null,NORTH AMITYVILLE,NY,11701,SUFFOLK,BA7001821,RETAIL PHARMACY,ACOLOGY PRESCRIPTION COMPOUNDING,null,131 DEL PRADO BLVD SOUTH,SUITE 101 &102,CAPE CORAL,FL,33990,LEE,S,9143,00591350301,OXYCODONE,3.0,null,I,07X000118,null,0000,03022007,10.758,300.0,795,OXYCODONE HCL 40MG TABS,OXYCODONE HYDROCHLORIDE,TAB,1.5,"Actavis Pharma, Inc.",Bellco Drug Corp,40.0,16137.0
PB0034861,DISTRIBUTOR,BELLCO DRUG CORP,null,5500 NEW HORIZONS BLVD,null,NORTH AMITYVILLE,NY,11701,SUFFOLK,BA7001821,RETAIL PHARMACY,ACOLOGY PRESCRIPTION COMPOUNDING,null,131 DEL PRADO BLVD SOUTH,SUITE 101 &102,CAPE CORAL,FL,33990,LEE,S,9193,00406036501,HYDROCODONE,1.0,null,null,null,null,0000,04102007,0.3027,100.0,2969,HYDROCODONE BIT/ACETA 5MG/325MG USP,HYDROCODONE BITARTRATE HEMIPENTAHYDRATE,TAB,1.0,SpecGx LLC,Bellco Drug Corp,5.0,302.7000000000001
PB0034861,DISTRIBUTOR,BELLCO DRUG CORP,null,5500 NEW HORIZONS BLVD,null,NORTH AMITYVILLE,NY,11701,SUFFOLK,BA7001821,RETAIL PHARMACY,ACOLOGY PRESCRIPTION COMPOUNDING,null,131 DEL PRADO BLVD SOUTH,SUITE 101 &102,CAPE CORAL,FL,33990,LEE,S,9143,52152021502,OXYCODONE,10.0,null,null,07X000155,null,0000,04262007,26.895,1000.0,9126,OXYCODONE HYDROCHLORIDE USP 30MG TAB,OXYCODONE HYDROCHLORIDE,TAB,1.5,"Actavis Pharma, Inc.",Bellco Drug Corp,30.0,40342.5
PB0034861,DISTRIBUTOR,BELLCO DRUG CORP,null,5500 NEW HORIZONS BLVD,null,NORTH AMITYVILLE,NY,11701,SUFFOLK,BA7716802,RETAIL PHARMACY,"AKSHAR CHEMISTS, INC",null,DBA: THE MEDICINE SHOPPE,10905 NORTH NEBRASKA AVE.,TAMPA,FL,33612,HILLSBOROUGH,S,9193,00603388732,HYDROCODONE,4.0,null,null,null,null,0000,11142006,24.215999999999998,4000.0,4460,HYDROCODONE BIT./ACETA 10MG/325MG TA,HYDROCODONE BITARTRATE HEMIPENTAHYDRATE,TAB,1.0,Par Pharmaceutical,Bellco Drug Corp,10.0,24216.0
PB0034861,DISTRIBUTOR,BELLCO DRUG CORP,null,5500 NEW HORIZONS BLVD,null,NORTH AMITYVILLE,NY,11701,SUFFOLK,BA8986878,RETAIL PHARMACY,ASAP PHARMACY INC,null,8609 66TH ST NORTH,SUITE C,PINELLAS PARK,FL,33782,PINELLAS,S,9143,60951079770,OXYCODONE,12.0,null,null,061466419,null,0000,06012006,10.758,1200.0,396,ENDOCET TABS - 10MG OXYCODONE.HCL &,OXYCODONE HYDROCHLORIDE,TAB,1.5,Par Pharmaceutical,Bellco Drug Corp,10.0,16137.0
PB0034861,DISTRIBUTOR,BELLCO DRUG CORP,null,5500 NEW HORIZONS BLVD,null,NORTH AMITYVILLE,NY,11701,SUFFOLK,BA8986878,RETAIL PHARMACY,ASAP PHARMACY INC,null,8609 66TH ST NORTH,SUITE C,PINELLAS PARK,FL,33782,PINELLAS,S,9143,60951079770,OXYCODONE,6.0,null,I,062915421,null,0000,07122006,5.379,600.0,2842,ENDOCET TABS - 10MG OXYCODONE.HCL &,OXYCODONE HYDROCHLORIDE,TAB,1.5,Par Pharmaceutical,Bellco Drug Corp,10.0,8068.5
PB0034861,DISTRIBUTOR,BELLCO DRUG CORP,null,5500 NEW HORIZONS BLVD,null,NORTH AMITYVILLE,NY,11701,SUFFOLK,BA8986878,RETAIL PHARMACY,ASAP PHARMACY INC,null,8609 66TH ST NORTH,SUITE C,PINELLAS PARK,FL,33782,PINELLAS,S,9193,00591085305,HYDROCODONE,2.0,null,I,null,null,0000,07062006,6.053999999999999,1000.0,995,HYDROCODONE BIT. 10MG/ACETAMINOPHEN,HYDROCODONE BITARTRATE HEMIPENTAHYDRATE,TAB,1.0,"Actavis Pharma, Inc.",Bellco Drug Corp,10.0,6054.0
PB0034861,DISTRIBUTOR,BELLCO DRUG CORP,null,5500 NEW HORIZONS BLVD,null,NORTH AMITYVILLE,NY,11701,SUFFOLK,BA8986878,RETAIL PHARMACY,ASAP PHARMACY INC,null,8609 66TH ST NORTH,SUITE C,PINELLAS PARK,FL,33782,PINELLAS,S,9193,00406036501,HYDROCODONE,2.0,null,null,null,null,0000,09252006,0.6054,200.0,7066,HYDROCODONE BIT/ACETA 5MG/325MG USP,HYDROCODONE BITARTRATE HEMIPENTAHYDRATE,TAB,1.0,SpecGx LLC,Bellco Drug Corp,5.0,605.4000000000002
PB0034861,DISTRIBUTOR,BELLCO DRUG CORP,null,5500 NEW HORIZONS BLVD,null,NORTH AMITYVILLE,NY,11701,SUFFOLK,BA8986878,RETAIL PHARMACY,ASAP PHARMACY INC,null,8609 66TH ST NORTH,SUITE C,PINELLAS PARK,FL,33782,PINELLAS,S,9143,00591350301,OXYCODONE,6.0,null,null,06X000009,null,0000,10272006,21.516,600.0,8654,OXYCODONE HCL 40MG TABS,OXYCODONE HYDROCHLORIDE,TAB,1.5,"Actavis Pharma, Inc.",Bellco Drug Corp,40.0,32274.0
PB0034861,DISTRIBUTOR,BELLCO DRUG CORP,null,5500 NEW HORIZONS BLVD,null,NORTH AMITYVILLE,NY,11701,SUFFOLK,BA8986878,RETAIL PHARMACY,ASAP PHARMACY INC,null,8609 66TH ST NORTH,SUITE C,PINELLAS PARK,FL,33782,PINELLAS,S,9193,00603389121,HYDROCODONE,1.0,null,null,null,null,0000,11282006,0.45405,100.0,8646,HYDROCODONE BITARTRATE/ACETA 7.5MG/3,HYDROCODONE BITARTRATE HEMIPENTAHYDRATE,TAB,1.0,Par Pharmaceutical,Bellco Drug Corp,7.5,454.05
PB0034861,DISTRIBUTOR,BELLCO DRUG CORP,null,5500 NEW HORIZONS BLVD,null,NORTH AMITYVILLE,NY,11701,SUFFOLK,BA8986878,RETAIL PHARMACY,ASAP PHARMACY INC,null,8609 66TH ST NORTH,SUITE C,PINELLAS PARK,FL,33782,PINELLAS,S,9143,00591350201,OXYCODONE,5.0,null,null,07X000038,null,0000,01112007,8.965,500.0,3764,OXYCODONE HYDROCHLORIDE CR 20MG TABL,OXYCODONE HYDROCHLORIDE,TAB,1.5,"Actavis Pharma, Inc.",Bellco Drug Corp,20.0,13447.5
PB0034861,DISTRIBUTOR,BELLCO DRUG CORP,null,5500 NEW HORIZONS BLVD,null,NORTH AMITYVILLE,NY,11701,SUFFOLK,BA8986878,RETAIL PHARMACY,ASAP PHARMACY INC,null,8609 66TH ST NORTH,SUITE C,PINELLAS PARK,FL,33782,PINELLAS,S,9193,00603389121,HYDROCODONE,2.0,null,null,null,null,0000,01032007,0.9081,200.0,823,HYDROCODONE BITARTRATE/ACETA 7.5MG/3,HYDROCODONE BITARTRATE HEMIPENTAHYDRATE,TAB,1.0,Par Pharmaceutical,Bellco Drug Corp,7.5,908.1
PB0034861,DISTRIBUTOR,BELLCO DRUG CORP,null,5500 NEW HORIZONS BLVD,null,NORTH AMITYVILLE,NY,11701,SUFFOLK,BA8986878,RETAIL PHARMACY,ASAP PHARMACY INC,null,8609 66TH ST NORTH,SUITE C,PINELLAS PARK,FL,33782,PINELLAS,S,9143,60951079770,OXYCODONE,6.0,null,null,07X000068,null,0000,04032007,5.379,600.0,896,ENDOCET TABS - 10MG OXYCODONE.HCL &,OXYCODONE HYDROCHLORIDE,TAB,1.5,Par Pharmaceutical,Bellco Drug Corp,10.0,8068.5
PB0034861,DISTRIBUTOR,BELLCO DRUG CORP,null,5500 NEW HORIZONS BLVD,null,NORTH AMITYVILLE,NY,11701,SUFFOLK,BA9597127,RETAIL PHARMACY,AMERIMED PHARMACEUTICAL SERVICES,null,3625 PARK CENTRAL BLVD N,null,POMPANO BEACH,FL,33064,BROWARD,S,9193,00591034905,HYDROCODONE,2.0,null,null,null,null,0000,09052006,3.0269999999999997,1000.0,726,HYDROCODONE BIT 5MG/ACETAMINOPHEN 50,HYDROCODONE BITARTRATE HEMIPENTAHYDRATE,TAB,1.0,"Actavis Pharma, Inc.",Bellco Drug Corp,5.0,3027.0
PB0034861,DISTRIBUTOR,BELLCO DRUG CORP,null,5500 NEW HORIZONS BLVD,null,NORTH AMITYVILLE,NY,11701,SUFFOLK,BA9597127,RETAIL PHARMACY,AMERIMED PHARMACEUTICAL SERVICES,null,3625 PARK CENTRAL BLVD N,null,POMPANO BEACH,FL,33064,BROWARD,S,9193,00591054005,HYDROCODONE,2.0,null,null,null,null,0000,09052006,6.053999999999999,1000.0,748,HYDROCODONE BIT. 10MG/ACETAMINOPHEN,HYDROCODONE BITARTRATE HEMIPENTAHYDRATE,TAB,1.0,"Actavis Pharma, Inc.",Bellco Drug Corp,10.0,6054.0
PB0034861,DISTRIBUTOR,BELLCO DRUG CORP,null,5500 NEW HORIZONS BLVD,null,NORTH AMITYVILLE,NY,11701,SUFFOLK,BA9597127,RETAIL PHARMACY,AMERIMED PHARMACEUTICAL SERVICES,null,3625 PARK CENTRAL BLVD N,null,POMPANO BEACH,FL,33064,BROWARD,S,9193,00591054005,HYDROCODONE,3.0,null,null,null,null,0000,12272006,9.081,1500.0,8442,HYDROCODONE BIT. 10MG/ACETAMINOPHEN,HYDROCODONE BITARTRATE HEMIPENTAHYDRATE,TAB,1.0,"Actavis Pharma, Inc.",Bellco Drug Corp,10.0,9081.0
PB0034861,DISTRIBUTOR,BELLCO DRUG CORP,null,5500 NEW HORIZONS BLVD,null,NORTH AMITYVILLE,NY,11701,SUFFOLK,BA9597127,RETAIL PHARMACY,AMERIMED PHARMACEUTICAL SERVICES,null,3625 PARK CENTRAL BLVD N,null,POMPANO BEACH,FL,33064,BROWARD,S,9193,53746014501,HYDROCODONE,4.0,null,null,null,null,0000,12292006,1.8162,400.0,9487,HYDROCODONE/IBUPROFEN 7.5MG/200MG TA,HYDROCODONE BITARTRATE HEMIPENTAHYDRATE,TAB,1.0,Amneal Pharmaceuticals LLC,Bellco Drug Corp,7.5,1816.2
PB0034861,DISTRIBUTOR,BELLCO DRUG CORP,null,5500 NEW HORIZONS BLVD,null,NORTH AMITYVILLE,NY,11701,SUFFOLK,BA9597127,RETAIL PHARMACY,AMERIMED PHARMACEUTICAL SERVICES,null,3625 PARK CENTRAL BLVD N,null,POMPANO BEACH,FL,33064,BROWARD,S,9193,00591054005,HYDROCODONE,3.0,null,I,null,null,0000,03092007,9.081,1500.0,3442,HYDROCODONE BIT. 10MG/ACETAMINOPHEN,HYDROCODONE BITARTRATE HEMIPENTAHYDRATE,TAB,1.0,"Actavis Pharma, Inc.",Bellco Drug Corp,10.0,9081.0
PB0034861,DISTRIBUTOR,BELLCO DRUG CORP,null,5500 NEW HORIZONS BLVD,null,NORTH AMITYVILLE,NY,11701,SUFFOLK,BA9597127,RETAIL PHARMACY,AMERIMED PHARMACEUTICAL SERVICES,null,3625 PARK CENTRAL BLVD N,null,POMPANO BEACH,FL,33064,BROWARD,S,9193,00591038705,HYDROCODONE,2.0,null,null,null,null,0000,04112007,4.5405,1000.0,3556,HYDROCODONE BITARTRATE 7.5MG/ACETAMI,HYDROCODONE BITARTRATE HEMIPENTAHYDRATE,TAB,1.0,"Actavis Pharma, Inc.",Bellco Drug Corp,7.5,4540.5
PB0034861,DISTRIBUTOR,BELLCO DRUG CORP,null,5500 NEW HORIZONS BLVD,null,NORTH AMITYVILLE,NY,11701,SUFFOLK,BB8083898,RETAIL PHARMACY,"BI-WISE DRUGS INC, .",null,4954 RIDGEMOOR BLVD,null,PALM HARBOR,FL,34685,PINELLAS,S,9193,00591085305,HYDROCODONE,4.0,null,null,null,null,0000,11022006,12.107999999999999,2000.0,593,HYDROCODONE BIT. 10MG/ACETAMINOPHEN,HYDROCODONE BITARTRATE HEMIPENTAHYDRATE,TAB,1.0,"Actavis Pharma, Inc.",Bellco Drug Corp,10.0,12108.0
PB0034861,DISTRIBUTOR,BELLCO DRUG CORP,null,5500 NEW HORIZONS BLVD,null,NORTH AMITYVILLE,NY,11701,SUFFOLK,BB8083898,RETAIL PHARMACY,"BI-WISE DRUGS INC, .",null,4954 RIDGEMOOR BLVD,null,PALM HARBOR,FL,34685,PINELLAS,S,9143,52152016502,OXYCODONE,1.0,null,null,065533202,null,0000,01192007,0.479574,100.0,6820,OXYCODO.HCL 5.35MG/TAB,OXYCODONE HYDROCHLORIDE,TAB,1.5,"Actavis Pharma, Inc.",Bellco Drug Corp,5.35,719.3610000000001
PB0034861,DISTRIBUTOR,BELLCO DRUG CORP,null,5500 NEW HORIZONS BLVD,null,NORTH AMITYVILLE,NY,11701,SUFFOLK,BB8092164,RETAIL PHARMACY,BI-WISE DRUGS INC,null,1810 S PINELLAS AVENUE,SUITE F,TARPON SPRINGS,FL,34689,PINELLAS,S,9193,00591320201,HYDROCODONE,1.0,null,null,null,null,0000,11292006,0.3027,100.0,9017,HYDROCODONE BITARTRATE AND ACETA 5MG,HYDROCODONE BITARTRATE HEMIPENTAHYDRATE,TAB,1.0,"Actavis Pharma, Inc.",Bellco Drug Corp,5.0,302.7000000000001
PB0034861,DISTRIBUTOR,BELLCO DRUG CORP,null,5500 NEW HORIZONS BLVD,null,NORTH AMITYVILLE,NY,11701,SUFFOLK,BB8092164,RETAIL PHARMACY,BI-WISE DRUGS INC,null,1810 S PINELLAS AVENUE,SUITE F,TARPON SPRINGS,FL,34689,PINELLAS,S,9193,00591050305,HYDROCODONE,3.0,null,null,null,null,0000,12072006,9.081,1500.0,2170,HYDROCODONE BITARTRATE 10MG/ACETAMIN,HYDROCODONE BITARTRATE HEMIPENTAHYDRATE,TAB,1.0,"Actavis Pharma, Inc.",Bellco Drug Corp,10.0,9081.0
PB0034861,DISTRIBUTOR,BELLCO DRUG CORP,null,5500 NEW HORIZONS BLVD,null,NORTH AMITYVILLE,NY,11701,SUFFOLK,BB8092164,RETAIL PHARMACY,BI-WISE DRUGS INC,null,1810 S PINELLAS AVENUE,SUITE F,TARPON SPRINGS,FL,34689,PINELLAS,S,9193,00591054005,HYDROCODONE,10.0,null,null,null,null,0000,12152006,30.27,5000.0,4983,HYDROCODONE BIT. 10MG/ACETAMINOPHEN,HYDROCODONE BITARTRATE HEMIPENTAHYDRATE,TAB,1.0,"Actavis Pharma, Inc.",Bellco Drug Corp,10.0,30270.0
PB0034861,DISTRIBUTOR,BELLCO DRUG CORP,null,5500 NEW HORIZONS BLVD,null,NORTH AMITYVILLE,NY,11701,SUFFOLK,BB8092164,RETAIL PHARMACY,BI-WISE DRUGS INC,null,1810 S PINELLAS AVENUE,SUITE F,TARPON SPRINGS,FL,34689,PINELLAS,S,9193,00591085301,HYDROCODONE,21.0,null,null,null,null,0000,01152007,12.7134,2100.0,4756,HYDROCODONE BIT. 10MG/ACETAMINOPHEN,HYDROCODONE BITARTRATE HEMIPENTAHYDRATE,TAB,1.0,"Actavis Pharma, Inc.",Bellco Drug Corp,10.0,12713.4
PB0034861,DISTRIBUTOR,BELLCO DRUG CORP,null,5500 NEW HORIZONS BLVD,null,NORTH AMITYVILLE,NY,11701,SUFFOLK,BB8092164,RETAIL PHARMACY,BI-WISE DRUGS INC,null,1810 S PINELLAS AVENUE,SUITE F,TARPON SPRINGS,FL,34689,PINELLAS,S,9193,00591054005,HYDROCODONE,10.0,null,null,null,null,0000,02062007,30.27,5000.0,1777,HYDROCODONE BIT. 10MG/ACETAMINOPHEN,HYDROCODONE BITARTRATE HEMIPENTAHYDRATE,TAB,1.0,"Actavis Pharma, Inc.",Bellco Drug Corp,10.0,30270.0
PB0034861,DISTRIBUTOR,BELLCO DRUG CORP,null,5500 NEW HORIZONS BLVD,null,NORTH AMITYVILLE,NY,11701,SUFFOLK,BB8092164,RETAIL PHARMACY,BI-WISE DRUGS INC,null,1810 S PINELLAS AVENUE,SUITE F,TARPON SPRINGS,FL,34689,PINELLAS,S,9193,00591054005,HYDROCODONE,10.0,null,null,null,null,0000,02222007,30.27,5000.0,7079,HYDROCODONE BIT. 10MG/ACETAMINOPHEN,HYDROCODONE BITARTRATE HEMIPENTAHYDRATE,TAB,1.0,"Actavis Pharma, Inc.",Bellco Drug Corp,10.0,30270.0
PB0034861,DISTRIBUTOR,BELLCO DRUG CORP,null,5500 NEW HORIZONS BLVD,null,NORTH AMITYVILLE,NY,11701,SUFFOLK,BB8092164,RETAIL PHARMACY,BI-WISE DRUGS INC,null,1810 S PINELLAS AVENUE,SUITE F,TARPON SPRINGS,FL,34689,PINELLAS,S,9193,00591085305,HYDROCODONE,20.0,null,null,null,null,0000,02222007,60.54,10000.0,7095,HYDROCODONE BIT. 10MG/ACETAMINOPHEN,HYDROCODONE BITARTRATE HEMIPENTAHYDRATE,TAB,1.0,"Actavis Pharma, Inc.",Bellco Drug Corp,10.0,60540.0
PB0034861,DISTRIBUTOR,BELLCO DRUG CORP,null,5500 NEW HORIZONS BLVD,null,NORTH AMITYVILLE,NY,11701,SUFFOLK,BB8092164,RETAIL PHARMACY,BI-WISE DRUGS INC,null,1810 S PINELLAS AVENUE,SUITE F,TARPON SPRINGS,FL,34689,PINELLAS,S,9193,00591054005,HYDROCODONE,8.0,null,I,null,null,0000,03302007,24.215999999999998,4000.0,10808,HYDROCODONE BIT. 10MG/ACETAMINOPHEN,HYDROCODONE BITARTRATE HEMIPENTAHYDRATE,TAB,1.0,"Actavis Pharma, Inc.",Bellco Drug Corp,10.0,24216.0
PB0034861,DISTRIBUTOR,BELLCO DRUG CORP,null,5500 NEW HORIZONS BLVD,null,NORTH AMITYVILLE,NY,11701,SUFFOLK,BB8092164,RETAIL PHARMACY,BI-WISE DRUGS INC,null,1810 S PINELLAS AVENUE,SUITE F,TARPON SPRINGS,FL,34689,PINELLAS,S,9193,53746014501,HYDROCODONE,5.0,null,I,null,null,0000,03082007,2.27025,500.0,3167,HYDROCODONE/IBUPROFEN 7.5MG/200MG TA,HYDROCODONE BITARTRATE HEMIPENTAHYDRATE,TAB,1.0,Amneal Pharmaceuticals LLC,Bellco Drug Corp,7.5,2270.25
PB0034861,DISTRIBUTOR,BELLCO DRUG CORP,null,5500 NEW HORIZONS BLVD,null,NORTH AMITYVILLE,NY,11701,SUFFOLK,BB8092164,RETAIL PHARMACY,BI-WISE DRUGS INC,null,1810 S PINELLAS AVENUE,SUITE F,TARPON SPRINGS,FL,34689,PINELLAS,S,9193,00074197354,HYDROCODONE,1.0,null,I,null,null,0000,03022007,2.27025,500.0,591,VICODIN ES TABLETS 7.5MG HYDROCODONE,HYDROCODONE BITARTRATE HEMIPENTAHYDRATE,TAB,1.0,AbbVie Inc.,Bellco Drug Corp,7.5,2270.25
PB0034861,DISTRIBUTOR,BELLCO DRUG CORP,null,5500 NEW HORIZONS BLVD,null,NORTH AMITYVILLE,NY,11701,SUFFOLK,BB8092164,RETAIL PHARMACY,BI-WISE DRUGS INC,null,1810 S PINELLAS AVENUE,SUITE F,TARPON SPRINGS,FL,34689,PINELLAS,S,9193,00591085305,HYDROCODONE,15.0,null,I,null,null,0000,03022007,45.405,7500.0,739,HYDROCODONE BIT. 10MG/ACETAMINOPHEN,HYDROCODONE BITARTRATE HEMIPENTAHYDRATE,TAB,1.0,"Actavis Pharma, Inc.",Bellco Drug Corp,10.0,45405.0
PB0034861,DISTRIBUTOR,BELLCO DRUG CORP,null,5500 NEW HORIZONS BLVD,null,NORTH AMITYVILLE,NY,11701,SUFFOLK,BB8144177,RETAIL PHARMACY,BI-WISE DRUGS INC,null,3101 STATE RD 580,null,SAFETY HARBOR,FL,34695,PINELLAS,S,9193,00591038705,HYDROCODONE,1.0,null,null,null,null,0000,11012006,2.27025,500.0,150,HYDROCODONE BITARTRATE 7.5MG/ACETAMI,HYDROCODONE BITARTRATE HEMIPENTAHYDRATE,TAB,1.0,"Actavis Pharma, Inc.",Bellco Drug Corp,7.5,2270.25
PB0034861,DISTRIBUTOR,BELLCO DRUG CORP,null,5500 NEW HORIZONS BLVD,null,NORTH AMITYVILLE,NY,11701,SUFFOLK,BB8144177,RETAIL PHARMACY,BI-WISE DRUGS INC,null,3101 STATE RD 580,null,SAFETY HARBOR,FL,34695,PINELLAS,S,9143,00591350301,OXYCODONE,1.0,null,null,064663499,null,0000,01022007,3.5860000000000003,100.0,238,OXYCODONE HCL 40MG TABS,OXYCODONE HYDROCHLORIDE,TAB,1.5,"Actavis Pharma, Inc.",Bellco Drug Corp,40.0,5379.0
PB0034861,DISTRIBUTOR,BELLCO DRUG CORP,null,5500 NEW HORIZONS BLVD,null,NORTH AMITYVILLE,NY,11701,SUFFOLK,BB8144177,RETAIL PHARMACY,BI-WISE DRUGS INC,null,3101 STATE RD 580,null,SAFETY HARBOR,FL,34695,PINELLAS,S,9193,00074197314,HYDROCODONE,1.0,null,null,null,null,0000,01262007,0.45405,100.0,8926,VICODIN ES TABLETS 7.5MG HYDROCODONE,HYDROCODONE BITARTRATE HEMIPENTAHYDRATE,TAB,1.0,AbbVie Inc.,Bellco Drug Corp,7.5,454.05
PB0034861,DISTRIBUTOR,BELLCO DRUG CORP,null,5500 NEW HORIZONS BLVD,null,NORTH AMITYVILLE,NY,11701,SUFFOLK,BB8144177,RETAIL PHARMACY,BI-WISE DRUGS INC,null,3101 STATE RD 580,null,SAFETY HARBOR,FL,34695,PINELLAS,S,9143,60951079670,OXYCODONE,1.0,null,null,064663508,null,0000,02262007,0.672375,100.0,8330,ENDOCET TABS;7.5MG OXYCODONE.HCL & 5,OXYCODONE HYDROCHLORIDE,TAB,1.5,Par Pharmaceutical,Bellco Drug Corp,7.5,1008.5625
PB0034861,DISTRIBUTOR,BELLCO DRUG CORP,null,5500 NEW HORIZONS BLVD,null,NORTH AMITYVILLE,NY,11701,SUFFOLK,BB8144177,RETAIL PHARMACY,BI-WISE DRUGS INC,null,3101 STATE RD 580,null,SAFETY HARBOR,FL,34695,PINELLAS,S,9143,59011010710,OXYCODONE,1.0,null,null,064663516,null,0000,04052007,7.172000000000001,100.0,1826,OXYCONTIN - 80MG OXYCODONE.HCL CONTR,OXYCODONE HYDROCHLORIDE,TAB,1.5,Purdue Pharma LP,Bellco Drug Corp,80.0,10758.0
PB0034861,DISTRIBUTOR,BELLCO DRUG CORP,null,5500 NEW HORIZONS BLVD,null,NORTH AMITYVILLE,NY,11701,SUFFOLK,BB8144177,RETAIL PHARMACY,BI-WISE DRUGS INC,null,3101 STATE RD 580,null,SAFETY HARBOR,FL,34695,PINELLAS,S,9193,00074197314,HYDROCODONE,1.0,null,null,null,null,0000,04042007,0.45405,100.0,975,VICODIN ES TABLETS 7.5MG HYDROCODONE,HYDROCODONE BITARTRATE HEMIPENTAHYDRATE,TAB,1.0,AbbVie Inc.,Bellco Drug Corp,7.5,454.05
PB0034861,DISTRIBUTOR,BELLCO DRUG CORP,null,5500 NEW HORIZONS BLVD,null,NORTH AMITYVILLE,NY,11701,SUFFOLK,BC9458539,RETAIL PHARMACY,CRJ PHARMACY INC,null,1843 N CRYSTAL LAKE DRIVE,null,LAKELAND,FL,33801,POLK,S,9193,00591085305,HYDROCODONE,5.0,null,null,null,null,0000,04032006,15.135,2500.0,324,HYDROCODONE BIT. 10MG/ACETAMINOPHEN,HYDROCODONE BITARTRATE HEMIPENTAHYDRATE,TAB,1.0,"Actavis Pharma, Inc.",Bellco Drug Corp,10.0,15135.0
PB0034861,DISTRIBUTOR,BELLCO DRUG CORP,null,5500 NEW HORIZONS BLVD,null,NORTH AMITYVILLE,NY,11701,SUFFOLK,BC9458539,RETAIL PHARMACY,CRJ PHARMACY INC,null,1843 N CRYSTAL LAKE DRIVE,null,LAKELAND,FL,33801,POLK,S,9193,00591085305,HYDROCODONE,3.0,null,null,null,null,0000,12292006,9.081,1500.0,9353,HYDROCODONE BIT. 10MG/ACETAMINOPHEN,HYDROCODONE BITARTRATE HEMIPENTAHYDRATE,TAB,1.0,"Actavis Pharma, Inc.",Bellco Drug Corp,10.0,9081.0
PB0034861,DISTRIBUTOR,BELLCO DRUG CORP,null,5500 NEW HORIZONS BLVD,null,NORTH AMITYVILLE,NY,11701,SUFFOLK,BC9458539,RETAIL PHARMACY,CRJ PHARMACY INC,null,1843 N CRYSTAL LAKE DRIVE,null,LAKELAND,FL,33801,POLK,S,9193,00591085305,HYDROCODONE,5.0,null,null,null,null,0000,01042007,15.135,2500.0,1212,HYDROCODONE BIT. 10MG/ACETAMINOPHEN,HYDROCODONE BITARTRATE HEMIPENTAHYDRATE,TAB,1.0,"Actavis Pharma, Inc.",Bellco Drug Corp,10.0,15135.0
PB0034861,DISTRIBUTOR,BELLCO DRUG CORP,null,5500 NEW HORIZONS BLVD,null,NORTH AMITYVILLE,NY,11701,SUFFOLK,BC9458539,RETAIL PHARMACY,CRJ PHARMACY INC,null,1843 N CRYSTAL LAKE DRIVE,null,LAKELAND,FL,33801,POLK,S,9193,00591085305,HYDROCODONE,8.0,null,null,null,null,0000,01032007,24.215999999999998,4000.0,710,HYDROCODONE BIT. 10MG/ACETAMINOPHEN,HYDROCODONE BITARTRATE HEMIPENTAHYDRATE,TAB,1.0,"Actavis Pharma, Inc.",Bellco Drug Corp,10.0,24216.0
PB0034861,DISTRIBUTOR,BELLCO DRUG CORP,null,5500 NEW HORIZONS BLVD,null,NORTH AMITYVILLE,NY,11701,SUFFOLK,BC9458539,RETAIL PHARMACY,CRJ PHARMACY INC,null,1843 N CRYSTAL LAKE DRIVE,null,LAKELAND,FL,33801,POLK,S,9193,00603388732,HYDROCODONE,2.0,null,null,null,null,0000,01232007,12.107999999999999,2000.0,7811,HYDROCODONE BIT./ACETA 10MG/325MG TA,HYDROCODONE BITARTRATE HEMIPENTAHYDRATE,TAB,1.0,Par Pharmaceutical,Bellco Drug Corp,10.0,12108.0
PB0034861,DISTRIBUTOR,BELLCO DRUG CORP,null,5500 NEW HORIZONS BLVD,null,NORTH AMITYVILLE,NY,11701,SUFFOLK,BD9094121,RETAIL PHARMACY,DENTAL RX INC,null,1190 EDGEWOOD AVE W,SUITE B,JACKSONVILLE,FL,32208,DUVAL,S,9193,00603388021,HYDROCODONE,1.0,null,null,null,null,0000,02132007,0.15135,100.0,4120,HYDROCOD.BIT. & ACET.;2.5MG/600MG/TA,HYDROCODONE BITARTRATE HEMIPENTAHYDRATE,TAB,1.0,Par Pharmaceutical,Bellco Drug Corp,2.5,151.35000000000005
PB0034861,DISTRIBUTOR,BELLCO DRUG CORP,null,5500 NEW HORIZONS BLVD,null,NORTH AMITYVILLE,NY,11701,SUFFOLK,BE5832767,RETAIL PHARMACY,E P MEDICAL EQUIPTMENT,DBA EP MEDICAL EQUIPMENT PHARMACY,6440 SW 117TH AVE,null,MIAMI,FL,33183,MIAMI-DADE,S,9193,00406036001,HYDROCODONE,1.0,null,null,null,null,0000,11302006,0.45405,100.0,9315,HYDROCODO.BIT/APAP 7.5MG/750MG USP T,HYDROCODONE BITARTRATE HEMIPENTAHYDRATE,TAB,1.0,SpecGx LLC,Bellco Drug Corp,7.5,454.05
PB0034861,DISTRIBUTOR,BELLCO DRUG CORP,null,5500 NEW HORIZONS BLVD,null,NORTH AMITYVILLE,NY,11701,SUFFOLK,BF4539194,RETAIL PHARMACY,F & B DRUGS,null,1493 TAMPA PARK PLAZA ST.,null,TAMPA,FL,33605,HILLSBOROUGH,S,9143,00591350401,OXYCODONE,3.0,null,I,066706997,null,0000,03092007,21.516,300.0,3490,OXYCODONE HCL 80MG TABS,OXYCODONE HYDROCHLORIDE,TAB,1.5,"Actavis Pharma, Inc.",Bellco Drug Corp,80.0,32274.0
PB0034861,DISTRIBUTOR,BELLCO DRUG CORP,null,5500 NEW HORIZONS BLVD,null,NORTH AMITYVILLE,NY,11701,SUFFOLK,BG9541548,RETAIL PHARMACY,GRAND PHARMACY,null,5417 GRAND BLVD,null,NEW PORT RICHEY,FL,34652,PASCO,S,9193,00591050305,HYDROCODONE,1.0,null,null,null,null,0000,01192006,3.0269999999999997,500.0,5855,HYDROCODONE BITARTRATE 10MG/ACETAMIN,HYDROCODONE BITARTRATE HEMIPENTAHYDRATE,TAB,1.0,"Actavis Pharma, Inc.",Bellco Drug Corp,10.0,3027.0
PB0034861,DISTRIBUTOR,BELLCO DRUG CORP,null,5500 NEW HORIZONS BLVD,null,NORTH AMITYVILLE,NY,11701,SUFFOLK,BG9541548,RETAIL PHARMACY,GRAND PHARMACY,null,5417 GRAND BLVD,null,NEW PORT RICHEY,FL,34652,PASCO,S,9193,00603388828,HYDROCODONE,1.0,null,I,null,null,0000,03292006,3.0269999999999997,500.0,8300,HYDROCODONE.BIT & ACETA  10MG & 500M,HYDROCODONE BITARTRATE HEMIPENTAHYDRATE,TAB,1.0,Par Pharmaceutical,Bellco Drug Corp,10.0,3027.0
PB0034861,DISTRIBUTOR,BELLCO DRUG CORP,null,5500 NEW HORIZONS BLVD,null,NORTH AMITYVILLE,NY,11701,SUFFOLK,BG9541548,RETAIL PHARMACY,GRAND PHARMACY,null,5417 GRAND BLVD,null,NEW PORT RICHEY,FL,34652,PASCO,S,9193,00591085305,HYDROCODONE,2.0,null,null,null,null,0000,06142006,6.053999999999999,1000.0,3889,HYDROCODONE BIT. 10MG/ACETAMINOPHEN,HYDROCODONE BITARTRATE HEMIPENTAHYDRATE,TAB,1.0,"Actavis Pharma, Inc.",Bellco Drug Corp,10.0,6054.0
PB0034861,DISTRIBUTOR,BELLCO DRUG CORP,null,5500 NEW HORIZONS BLVD,null,NORTH AMITYVILLE,NY,11701,SUFFOLK,BG9568859,RETAIL PHARMACY,GLOBALNET PHARMACIES LLC,null,134 NW 16TH STR,SUITE 4,BOCA BATON,FL,33432,PALM BEACH,S,9193,00591050305,HYDROCODONE,1.0,null,null,null,null,0000,08232006,3.0269999999999997,500.0,6068,HYDROCODONE BITARTRATE 10MG/ACETAMIN,HYDROCODONE BITARTRATE HEMIPENTAHYDRATE,TAB,1.0,"Actavis Pharma, Inc.",Bellco Drug Corp,10.0,3027.0
PB0034861,DISTRIBUTOR,BELLCO DRUG CORP,null,5500 NEW HORIZONS BLVD,null,NORTH AMITYVILLE,NY,11701,SUFFOLK,BG9568859,RETAIL PHARMACY,GLOBALNET PHARMACIES LLC,null,134 NW 16TH STR,SUITE 4,BOCA BATON,FL,33432,PALM BEACH,S,9193,00591085305,HYDROCODONE,2.0,null,null,null,null,0000,01092007,6.053999999999999,1000.0,2848,HYDROCODONE BIT. 10MG/ACETAMINOPHEN,HYDROCODONE BITARTRATE HEMIPENTAHYDRATE,TAB,1.0,"Actavis Pharma, Inc.",Bellco Drug Corp,10.0,6054.0
